budget,genres,homepage,id,keywords,original_language,original_title,overview,viewercount,production_companies,production_countries,release_date,revenue,runtime,spoken_languages,status,tagline,title,vote_count,vote_average
25000000,"[{""id"": 18, ""name"": ""Drama""}, {""id"": 10749, ""name"": ""Romance""}]",http://www.maoslastdancermovie.com/,33870,"[{""id"": 4328, ""name"": ""costume""}, {""id"": 4528, ""name"": ""song""}, {""id"": 5331, ""name"": ""village""}, {""id"": 6044, ""name"": ""promise""}, {""id"": 10551, ""name"": ""ballet""}]",en,Mao's Last Dancer,"At the age of 11, Li was plucked from a poor Chinese village by Madame Mao's cultural delegates and taken to Beijing to study ballet. In 1979, during a cultural exchange to Texas, he fell in love with an American woman. Two years later, he managed to defect and went on to perform as a principal dancer for the Houston Ballet and as a principal artist with the Australian Ballet.",1.876811,"[{""name"": ""Great Scott Productions Pty. Ltd."", ""id"": 2814}]","[{""iso_3166_1"": ""AU"", ""name"": ""Australia""}]",10/1/2009,20719451,117,"[{""iso_639_1"": ""en"", ""name"": ""English""}, {""iso_639_1"": ""zh"", ""name"": ""\u666e\u901a\u8bdd""}]",Released,最后的舞者,Mao's Last Dancer,28,6.8
38000000,"[{""id"": 878, ""name"": ""Science Fiction""}, {""id"": 28, ""name"": ""Action""}, {""id"": 12, ""name"": ""Adventure""}, {""id"": 53, ""name"": ""Thriller""}]",,193,"[{""id"": 10988, ""name"": ""based on tv series""}, {""id"": 34079, ""name"": ""death""}, {""id"": 162410, ""name"": ""exploding planet""}, {""id"": 162415, ""name"": ""mountain cabin""}, {""id"": 162429, ""name"": ""solar system""}]",en,Star Trek: Generations,Captain Jean-Luc Picard and the crew of the Enterprise-D find themselves at odds with the renegade scientist Soran who is destroying entire star systems. Only one man can help Picard stop Soran's scheme...and he's been dead for seventy-eight years.,14.779041,"[{""name"": ""Paramount Pictures"", ""id"": 4}]","[{""iso_3166_1"": ""US"", ""name"": ""United States of America""}]",11/17/1994,120000000,118,"[{""iso_639_1"": ""en"", ""name"": ""English""}]",Released,Boldly go.,Star Trek: Generations,452,6.4
20000000,"[{""id"": 36, ""name"": ""History""}, {""id"": 18, ""name"": ""Drama""}]",http://focusfeatures.com/film/milk/,10139,"[{""id"": 237, ""name"": ""gay""}, {""id"": 582, ""name"": ""san francisco""}, {""id"": 1013, ""name"": ""homophobia""}, {""id"": 1919, ""name"": ""mayor""}, {""id"": 5565, ""name"": ""biography""}, {""id"": 6078, ""name"": ""politics""}, {""id"": 6083, ""name"": ""politician""}, {""id"": 6085, ""name"": ""election campaign""}, {""id"": 10180, ""name"": ""homosexuality""}, {""id"": 11011, ""name"": ""morality""}, {""id"": 15134, ""name"": ""election""}, {""id"": 166625, ""name"": ""candlelight vigil""}, {""id"": 226553, ""name"": ""mayoral campaign""}]",en,Milk,"The story of California's first openly gay elected official, Harvey Milk, who  became an outspoken agent for change, seeking equal rights and opportunities for all. His great love for the city and its people brought him backing from young and old, straight and gay, alike – at a time when prejudice and violence against gays was openly accepted as the norm.",30.909699,"[{""name"": ""Focus Features"", ""id"": 10146}]","[{""iso_3166_1"": ""US"", ""name"": ""United States of America""}]",11/26/2008,54586584,128,"[{""iso_639_1"": ""en"", ""name"": ""English""}]",Released,Never Blend In.,Milk,612,7.1
23000000,"[{""id"": 18, ""name"": ""Drama""}, {""id"": 10749, ""name"": ""Romance""}]",,11632,"[{""id"": 212, ""name"": ""london england""}, {""id"": 4107, ""name"": ""british empire""}, {""id"": 4320, ""name"": ""lover""}, {""id"": 5212, ""name"": ""advancement""}, {""id"": 155697, ""name"": ""aristocrat""}, {""id"": 187056, ""name"": ""woman director""}]",en,Vanity Fair,"Beautiful, funny, passionate, and calculating, Becky is the orphaned daughter of a starving English artist and a French chorus girl. She yearns for a more glamorous life than her birthright promises and resolves to conquer English society by any means possible. A mere ascension into the heights of society is simply not enough. So Becky finds a patron in the powerful Marquess of Steyne whose whims enable Becky to realise her dreams. But is the ultimate cost too high for her?",6.618149,"[{""name"": ""Alliance Films"", ""id"": 2514}, {""name"": ""Focus Features"", ""id"": 10146}]","[{""iso_3166_1"": ""GB"", ""name"": ""United Kingdom""}, {""iso_3166_1"": ""US"", ""name"": ""United States of America""}]",9/1/2004,16123851,141,"[{""iso_639_1"": ""en"", ""name"": ""English""}, {""iso_639_1"": ""fr"", ""name"": ""Fran\u00e7ais""}, {""iso_639_1"": ""de"", ""name"": ""Deutsch""}]",Released,"On September 1st, a heroine will rise.",Vanity Fair,73,5.5
52000000,"[{""id"": 28, ""name"": ""Action""}, {""id"": 80, ""name"": ""Crime""}, {""id"": 53, ""name"": ""Thriller""}]",http://www.frompariswithlovefilm.com/,26389,"[{""id"": 90, ""name"": ""paris""}, {""id"": 591, ""name"": ""cia""}, {""id"": 1568, ""name"": ""undercover""}, {""id"": 1653, ""name"": ""explosive""}, {""id"": 1667, ""name"": ""pimp""}, {""id"": 1704, ""name"": ""ambassador""}, {""id"": 2095, ""name"": ""anti hero""}, {""id"": 4087, ""name"": ""revelation""}, {""id"": 4653, ""name"": ""french""}, {""id"": 6083, ""name"": ""politician""}, {""id"": 6112, ""name"": ""firearm""}, {""id"": 9758, ""name"": ""deception""}, {""id"": 9844, ""name"": ""car crash""}, {""id"": 10726, ""name"": ""gang""}]",en,From Paris with Love,"James Reese has a good job as an ambassador's aid in France, but his real passion is a side gig, working in a minor role in the CIA. He would love to be a full-fledged agent and can't believe his luck when he lands an assignment with Charlie Wax. Trigger-happy Charlie soon has James crying for his desk job, but when he learns that the same guys they're trying to catch are after him, James realizes that Charlie may be his only hope of survival.",27.916284,"[{""name"": ""Apipoula\u00ef"", ""id"": 1076}, {""name"": ""M6 Films"", ""id"": 1115}, {""name"": ""Canal+"", ""id"": 5358}, {""name"": ""TPS Star"", ""id"": 6586}, {""name"": ""Grive Productions"", ""id"": 6877}, {""name"": ""EuropaCorp"", ""id"": 6896}, {""name"": ""M6"", ""id"": 11261}, {""name"": ""W9"", ""id"": 34774}]","[{""iso_3166_1"": ""GB"", ""name"": ""United Kingdom""}, {""iso_3166_1"": ""FR"", ""name"": ""France""}]",2/5/2010,52826594,92,"[{""iso_639_1"": ""de"", ""name"": ""Deutsch""}, {""iso_639_1"": ""en"", ""name"": ""English""}, {""iso_639_1"": ""fr"", ""name"": ""Fran\u00e7ais""}, {""iso_639_1"": ""zh"", ""name"": ""\u666e\u901a\u8bdd""}]",Released,Two agents. One city. No merci.,From Paris with Love,675,6.1
28000000,"[{""id"": 18, ""name"": ""Drama""}, {""id"": 10402, ""name"": ""Music""}]",http://www.straightouttacompton.com/,277216,"[{""id"": 380, ""name"": ""brother brother relationship""}, {""id"": 740, ""name"": ""aids""}, {""id"": 796, ""name"": ""police brutality""}, {""id"": 897, ""name"": ""rap music""}, {""id"": 898, ""name"": ""hip-hop""}, {""id"": 1157, ""name"": ""wife husband relationship""}, {""id"": 2016, ""name"": ""vandalism""}, {""id"": 2231, ""name"": ""drug dealer""}, {""id"": 2334, ""name"": ""nightclub""}, {""id"": 2930, ""name"": ""freedom of speech""}, {""id"": 4108, ""name"": ""protest""}, {""id"": 4562, ""name"": ""rapper""}, {""id"": 4741, ""name"": ""recording contract""}, {""id"": 5626, ""name"": ""from rags to riches""}, {""id"": 6093, ""name"": ""assault""}, {""id"": 6564, ""name"": ""terminal illness""}, {""id"": 7312, ""name"": ""road trip""}, {""id"": 9672, ""name"": ""based on true story""}, {""id"": 9932, ""name"": ""feud""}, {""id"": 10726, ""name"": ""gang""}, {""id"": 10776, ""name"": ""marijuana""}, {""id"": 11148, ""name"": ""police chase""}, {""id"": 11612, ""name"": ""hospital""}, {""id"": 12425, ""name"": ""racism""}, {""id"": 12670, ""name"": ""los angeles""}, {""id"": 13142, ""name"": ""gangster""}, {""id"": 156158, ""name"": ""racial slur""}, {""id"": 157499, ""name"": ""mother son relationship""}, {""id"": 158111, ""name"": ""no opening credits""}, {""id"": 160497, ""name"": ""wrongful arrest""}, {""id"": 163764, ""name"": ""death of brother""}, {""id"": 169213, ""name"": ""milwaukee wisconsin""}, {""id"": 169590, ""name"": ""police raid""}, {""id"": 178036, ""name"": ""police harassment""}, {""id"": 178929, ""name"": ""detroit michigan""}, {""id"": 179431, ""name"": ""duringcreditsstinger""}, {""id"": 187903, ""name"": ""gangster rap""}, {""id"": 195162, ""name"": ""record company""}, {""id"": 208289, ""name"": ""1980s""}, {""id"": 217467, ""name"": ""music tour""}, {""id"": 217469, ""name"": ""reference to rodney king""}, {""id"": 217474, ""name"": ""intimidation by police""}, {""id"": 217475, ""name"": ""los angeles riots""}, {""id"": 217482, ""name"": ""compton california""}]",en,Straight Outta Compton,"In 1987, five young men, using brutally honest rhymes and hardcore beats, put their frustration and anger about life in the most dangerous place in America into the most powerful weapon they had: their music.  Taking us back to where it all began, Straight Outta Compton tells the true story of how these cultural rebels—armed only with their lyrics, swagger, bravado and raw talent—stood up to the authorities that meant to keep them down and formed the world’s most dangerous group, N.W.A.  And as they spoke the truth that no one had before and exposed life in the hood, their voice ignited a social revolution that is still reverberating today.",61.76233,"[{""name"": ""New Line Cinema"", ""id"": 12}, {""name"": ""Universal Pictures"", ""id"": 33}, {""name"": ""Legendary Pictures"", ""id"": 923}, {""name"": ""Cube Vision"", ""id"": 2780}, {""name"": ""Broken Chair Flickz"", ""id"": 63924}, {""name"": ""Crucial Films"", ""id"": 63925}]","[{""iso_3166_1"": ""US"", ""name"": ""United States of America""}]",8/13/2015,201634991,147,"[{""iso_639_1"": ""en"", ""name"": ""English""}]",Released,The Story of N.W.A.,Straight Outta Compton,1355,7.7
26000000,"[{""id"": 80, ""name"": ""Crime""}, {""id"": 18, ""name"": ""Drama""}, {""id"": 53, ""name"": ""Thriller""}]",,14181,"[{""id"": 6118, ""name"": ""finances""}, {""id"": 179018, ""name"": ""stock broker""}, {""id"": 193889, ""name"": ""investment firm""}]",en,Boiler Room,"A college dropout gets a job as a broker for a suburban investment firm, which puts him on the fast track to success, but the job might not be as legitimate as it sounds.",11.233081,"[{""name"": ""New Line Cinema"", ""id"": 12}]","[{""iso_3166_1"": ""US"", ""name"": ""United States of America""}]",2/18/2000,28780255,118,"[{""iso_639_1"": ""en"", ""name"": ""English""}, {""iso_639_1"": ""ru"", ""name"": ""P\u0443\u0441\u0441\u043a\u0438\u0439""}]",Released,Welcome to the new American dream.,Boiler Room,201,6.5
0,"[{""id"": 28, ""name"": ""Action""}, {""id"": 12, ""name"": ""Adventure""}, {""id"": 18, ""name"": ""Drama""}, {""id"": 53, ""name"": ""Thriller""}]",,10413,"[{""id"": 1563, ""name"": ""prisoner""}, {""id"": 1721, ""name"": ""fight""}, {""id"": 2434, ""name"": ""liberation""}, {""id"": 4917, ""name"": ""shelter""}]",en,Nowhere to Run,Escaped convict Sam Gillen single handedly takes on ruthless developers determined to evict Clydie - a widow with two young children. Nobody knows who Sam is.,11.689337,"[{""name"": ""Columbia Pictures"", ""id"": 5}]","[{""iso_3166_1"": ""US"", ""name"": ""United States of America""}]",1/15/1993,0,94,"[{""iso_639_1"": ""en"", ""name"": ""English""}]",Released,"When the law can't protect the innocent,  the only hero left is an outlaw.",Nowhere to Run,119,5.5
4000000,"[{""id"": 28, ""name"": ""Action""}, {""id"": 18, ""name"": ""Drama""}, {""id"": 9648, ""name"": ""Mystery""}, {""id"": 53, ""name"": ""Thriller""}]",,2370,"[{""id"": 242, ""name"": ""new york""}, {""id"": 591, ""name"": ""cia""}, {""id"": 701, ""name"": ""cuba""}, {""id"": 2106, ""name"": ""cold war""}, {""id"": 9937, ""name"": ""suspense""}]",en,Topaz,"A French intelligence agent becomes embroiled in the Cold War politics first with uncovering the events leading up to the 1962 Cuban Missle Crisis, and then back to France to break up an international Russian spy ring.",5.975604,"[{""name"": ""Universal Pictures"", ""id"": 33}]","[{""iso_3166_1"": ""US"", ""name"": ""United States of America""}]",12/18/1969,6000000,143,"[{""iso_639_1"": ""en"", ""name"": ""English""}, {""iso_639_1"": ""fr"", ""name"": ""Fran\u00e7ais""}, {""iso_639_1"": ""ru"", ""name"": ""P\u0443\u0441\u0441\u043a\u0438\u0439""}, {""iso_639_1"": ""es"", ""name"": ""Espa\u00f1ol""}]",Released,Hitchcock takes you behind the actual headlines to expose the most explosive spy scandal of the century!,Topaz,77,6.1
12000000,"[{""id"": 99, ""name"": ""Documentary""}, {""id"": 10402, ""name"": ""Music""}]",http://www.katyperry.com/movie/,101267,"[{""id"": 187056, ""name"": ""woman director""}]",en,Katy Perry: Part of Me,"Giving fans unprecedented access to the real life of the music sensation, Katy Perry: Part of Me exposes the hard work, dedication and phenomenal talent of a girl who remained true to herself and her vision in order to achieve her dreams. Featuring rare behind-the-scenes interviews, personal moments between Katy and her friends, and all-access footage of rehearsals, choreography, Katy’s signature style and more, Katy Perry: Part of Me reveals the singer’s unwavering belief that if you can be yourself, then you can be anything.",8.410688,"[{""name"": ""Paramount Pictures"", ""id"": 4}, {""name"": ""Imagine Entertainment"", ""id"": 23}, {""name"": ""MTV Films"", ""id"": 746}, {""name"": ""Insurge Pictures"", ""id"": 7377}]","[{""iso_3166_1"": ""US"", ""name"": ""United States of America""}]",6/28/2012,32726956,93,"[{""iso_639_1"": ""en"", ""name"": ""English""}]",Released,Be yourself and you can be anything,Katy Perry: Part of Me,85,6.5
60000000,"[{""id"": 28, ""name"": ""Action""}, {""id"": 12, ""name"": ""Adventure""}, {""id"": 27, ""name"": ""Horror""}, {""id"": 878, ""name"": ""Science Fiction""}]",http://www.sonypictures.com/movies/residentevilafterlife/site/,35791,"[{""id"": 4458, ""name"": ""post-apocalyptic""}, {""id"": 4565, ""name"": ""dystopia""}, {""id"": 10327, ""name"": ""undead""}, {""id"": 11131, ""name"": ""biohazard""}, {""id"": 11738, ""name"": ""evil corporation""}, {""id"": 12102, ""name"": ""resident evil""}, {""id"": 12377, ""name"": ""zombie""}, {""id"": 41645, ""name"": ""based on video game""}, {""id"": 179431, ""name"": ""duringcreditsstinger""}, {""id"": 209714, ""name"": ""3d""}]",en,Resident Evil: Afterlife,"In a world ravaged by a virus infection, turning its victims into the Undead, Alice continues on her journey to find survivors and lead them to safety. Her deadly battle with the Umbrella Corporation reaches new heights, but Alice gets some unexpected help from an old friend. A new lead that promises a safe haven from the Undead takes them to Los Angeles, but when they arrive the city is overrun by thousands of Undead - and Alice and her comrades are about to step into a deadly trap.",2.143764,"[{""name"": ""Impact Pictures"", ""id"": 248}, {""name"": ""Davis-Films"", ""id"": 342}, {""name"": ""Constantin Film Produktion"", ""id"": 5755}]","[{""iso_3166_1"": ""DE"", ""name"": ""Germany""}, {""iso_3166_1"": ""US"", ""name"": ""United States of America""}, {""iso_3166_1"": ""FR"", ""name"": ""France""}, {""iso_3166_1"": ""CA"", ""name"": ""Canada""}]",9/9/2010,300228084,97,"[{""iso_639_1"": ""en"", ""name"": ""English""}, {""iso_639_1"": ""es"", ""name"": ""Espa\u00f1ol""}, {""iso_639_1"": ""ja"", ""name"": ""\u65e5\u672c\u8a9e""}]",Released,She's back...And she's bringing a few of her friends.,Resident Evil: Afterlife,1363,5.8
14000000,"[{""id"": 27, ""name"": ""Horror""}, {""id"": 53, ""name"": ""Thriller""}, {""id"": 9648, ""name"": ""Mystery""}, {""id"": 14, ""name"": ""Fantasy""}]",,11596,"[{""id"": 657, ""name"": ""fire""}, {""id"": 1930, ""name"": ""kidnapping""}, {""id"": 3030, ""name"": ""nightmare""}, {""id"": 3521, ""name"": ""earthquake""}, {""id"": 4142, ""name"": ""insomnia""}, {""id"": 6152, ""name"": ""supernatural""}, {""id"": 6562, ""name"": ""celebrity""}, {""id"": 6732, ""name"": ""mascot""}, {""id"": 9820, ""name"": ""alternate dimension""}, {""id"": 10232, ""name"": ""fame""}, {""id"": 11612, ""name"": ""hospital""}, {""id"": 12396, ""name"": ""hollywood""}, {""id"": 47020, ""name"": ""storytelling""}, {""id"": 156282, ""name"": ""alternate reality""}, {""id"": 160612, ""name"": ""self-referential""}, {""id"": 161184, ""name"": ""reboot""}, {""id"": 166329, ""name"": ""film industry""}, {""id"": 170383, ""name"": ""disfigurement""}, {""id"": 179878, ""name"": ""sleepwalking""}, {""id"": 212435, ""name"": ""meta film""}, {""id"": 225209, ""name"": ""dreams""}, {""id"": 232999, ""name"": ""cameos""}]",en,New Nightmare,"Freddy's back … and he's badder than ever! Nancy, the historical nemesis of the man with the satanic snarl and pitchfork fingers, discovers that a new monstrous demon has taken on Freddy's persona. Can Nancy stop this new threat in time to save her son?",14.730796,"[{""name"": ""New Line Cinema"", ""id"": 12}]","[{""iso_3166_1"": ""US"", ""name"": ""United States of America""}]",10/13/1994,18090181,112,"[{""iso_639_1"": ""en"", ""name"": ""English""}]",Released,"One, Two, Freddy's coming for you...",New Nightmare,291,6.4
25000000,"[{""id"": 18, ""name"": ""Drama""}]",,22256,"[{""id"": 795, ""name"": ""running""}, {""id"": 2070, ""name"": ""olympic games""}, {""id"": 6075, ""name"": ""sport""}, {""id"": 10456, ""name"": ""athlete""}]",en,Without Limits,"The film follows the life of famous 1970s runner Steve Prefontaine from his youth days in Oregon to the University of Oregon where he worked with the legendary coach Bill Bowerman, later to Olympics in Munich and his early death at 24 in a car crash.",3.849873,"[{""name"": ""Cruise/Wagner Productions"", ""id"": 44}, {""name"": ""Warner Bros."", ""id"": 6194}]","[{""iso_3166_1"": ""US"", ""name"": ""United States of America""}]",9/11/1998,777423,117,"[{""iso_639_1"": ""en"", ""name"": ""English""}]",Released,PRE. The way he competed. The way he lived his life.,Without Limits,19,6.2
7800000,"[{""id"": 53, ""name"": ""Thriller""}, {""id"": 80, ""name"": ""Crime""}]",http://www.marsdistribution.com/xml/flash.html?cfilm=46022,302,"[{""id"": 212, ""name"": ""london england""}, {""id"": 293, ""name"": ""female nudity""}, {""id"": 515, ""name"": ""women""}, {""id"": 548, ""name"": ""countryside""}, {""id"": 818, ""name"": ""based on novel""}, {""id"": 1552, ""name"": ""subway""}, {""id"": 1649, ""name"": ""provence""}, {""id"": 1655, ""name"": ""country house""}, {""id"": 1731, ""name"": ""writing""}, {""id"": 1732, ""name"": ""innkeeper""}, {""id"": 2200, ""name"": ""generations confilct""}, {""id"": 3737, ""name"": ""dying and death""}, {""id"": 5600, ""name"": ""daughter""}, {""id"": 8181, ""name"": ""swimming pool""}, {""id"": 9826, ""name"": ""murder""}, {""id"": 9937, ""name"": ""suspense""}, {""id"": 10818, ""name"": ""author""}, {""id"": 14964, ""name"": ""drug""}]",en,Swimming Pool,"In the middle of this amusing thriller is a relationship between two different types of females, one is a well know British author and the other is a sex-crazed French teen. The two get into some relationship trouble while living together in this film of psychological imagery and an erotic exploration of the female body.",11.000654,"[{""name"": ""France 2 Cin\u00e9ma"", ""id"": 83}, {""name"": ""Canal Plus"", ""id"": 104}, {""name"": ""Fid\u00e9lit\u00e9 Productions"", ""id"": 147}, {""name"": ""Gimages"", ""id"": 148}, {""name"": ""FOZ"", ""id"": 149}, {""name"": ""Headforce Ltd."", ""id"": 150}]","[{""iso_3166_1"": ""FR"", ""name"": ""France""}, {""iso_3166_1"": ""GB"", ""name"": ""United Kingdom""}]",5/18/2003,22441323,102,"[{""iso_639_1"": ""en"", ""name"": ""English""}, {""iso_639_1"": ""fr"", ""name"": ""Fran\u00e7ais""}]",Released,"On the surface, all is calm",Swimming Pool,153,6.4
50000000,"[{""id"": 18, ""name"": ""Drama""}, {""id"": 53, ""name"": ""Thriller""}, {""id"": 9648, ""name"": ""Mystery""}]",,2649,"[{""id"": 380, ""name"": ""brother brother relationship""}, {""id"": 1421, ""name"": ""birthday""}, {""id"": 3883, ""name"": ""danger of life""}, {""id"": 5732, ""name"": ""birthday party""}, {""id"": 173303, ""name"": ""surprising""}]",en,The Game,"In honor of his birthday, San Francisco banker Nicholas Van Orton, a financial genius and a coldhearted loner, receives an unusual present from his younger brother, Conrad -- a gift certificate to play a unique kind of game. In nearly a nanosecond, Nicholas finds himself consumed by a dangerous set of ever-changing rules, unable to distinguish where the charade ends and reality begins.",62.925175,"[{""name"": ""PolyGram Filmed Entertainment"", ""id"": 1382}, {""name"": ""A&B Producoes"", ""id"": 1519}, {""name"": ""Popaganda Films"", ""id"": 10164}]","[{""iso_3166_1"": ""US"", ""name"": ""United States of America""}]",9/12/1997,109423648,129,"[{""iso_639_1"": ""cn"", ""name"": ""\u5e7f\u5dde\u8bdd / \u5ee3\u5dde\u8a71""}, {""iso_639_1"": ""de"", ""name"": ""Deutsch""}, {""iso_639_1"": ""en"", ""name"": ""English""}]",Released,What do you get for the man who has everything?,The Game,1506,7.5
60000000,"[{""id"": 27, ""name"": ""Horror""}, {""id"": 10749, ""name"": ""Romance""}]",,628,"[{""id"": 90, ""name"": ""paris""}, {""id"": 582, ""name"": ""san francisco""}, {""id"": 3133, ""name"": ""vampire""}, {""id"": 3136, ""name"": ""plantation""}, {""id"": 3143, ""name"": ""pity""}, {""id"": 4197, ""name"": ""bite""}, {""id"": 231407, ""name"": ""fang vamp""}]",en,Interview with the Vampire,"A vampire relates his epic life story of love, betrayal, loneliness, and dark hunger to an over-curious reporter.",50.163785,"[{""name"": ""Geffen Pictures"", ""id"": 360}]","[{""iso_3166_1"": ""US"", ""name"": ""United States of America""}]",11/11/1994,223664608,123,"[{""iso_639_1"": ""en"", ""name"": ""English""}, {""iso_639_1"": ""fr"", ""name"": ""Fran\u00e7ais""}]",Released,Drink from me and live forever,Interview with the Vampire,1516,7.2
50000000,"[{""id"": 35, ""name"": ""Comedy""}]",http://www.zoolander.com/,329833,"[{""id"": 6241, ""name"": ""stupidity""}, {""id"": 9663, ""name"": ""sequel""}, {""id"": 15479, ""name"": ""fashion""}, {""id"": 167193, ""name"": ""male model""}, {""id"": 167200, ""name"": ""fashion model""}, {""id"": 173242, ""name"": ""modeling""}]",en,Zoolander 2,Derek and Hansel are modelling again when an opposing company attempts to take them out from the business.,37.253774,"[{""name"": ""Scott Rudin Productions"", ""id"": 258}, {""name"": ""Red Hour Films"", ""id"": 12178}]","[{""iso_3166_1"": ""US"", ""name"": ""United States of America""}]",2/6/2016,55969000,100,"[{""iso_639_1"": ""en"", ""name"": ""English""}]",Released,Long time no Z,Zoolander 2,797,4.7
8000000,"[{""id"": 35, ""name"": ""Comedy""}, {""id"": 14, ""name"": ""Fantasy""}, {""id"": 10749, ""name"": ""Romance""}]",,2619,"[{""id"": 1338, ""name"": ""bachelor""}, {""id"": 5938, ""name"": ""mermaid""}]",en,Splash,"A successful businessman falls in love with the girl of his dreams. There's one big complication though; he's fallen hook, line and sinker for a mermaid.",21.735068,"[{""name"": ""Touchstone Pictures"", ""id"": 9195}]","[{""iso_3166_1"": ""US"", ""name"": ""United States of America""}]",3/9/1984,69821334,111,"[{""iso_639_1"": ""en"", ""name"": ""English""}, {""iso_639_1"": ""it"", ""name"": ""Italiano""}]",Released,Allen Bauer Thought He'd Never Find The Right Woman... He Was Only Half Wrong!,Splash,321,6.1
6500000,"[{""id"": 27, ""name"": ""Horror""}, {""id"": 9648, ""name"": ""Mystery""}, {""id"": 53, ""name"": ""Thriller""}]",,11033,"[{""id"": 108, ""name"": ""transvestism""}, {""id"": 444, ""name"": ""taxi""}, {""id"": 549, ""name"": ""prostitute""}, {""id"": 1552, ""name"": ""subway""}, {""id"": 1879, ""name"": ""shower""}, {""id"": 2864, ""name"": ""one-night stand""}, {""id"": 2887, ""name"": ""manipulation""}, {""id"": 3030, ""name"": ""nightmare""}, {""id"": 3182, ""name"": ""seduction""}, {""id"": 6025, ""name"": ""photography""}, {""id"": 6054, ""name"": ""friendship""}, {""id"": 6093, ""name"": ""assault""}, {""id"": 9181, ""name"": ""alter ego""}, {""id"": 9826, ""name"": ""murder""}, {""id"": 10333, ""name"": ""stalking""}, {""id"": 14819, ""name"": ""violence""}, {""id"": 15106, ""name"": ""psychiatrist""}, {""id"": 15271, ""name"": ""interrogation""}, {""id"": 33513, ""name"": ""desire""}, {""id"": 33720, ""name"": ""guilt""}, {""id"": 34094, ""name"": ""extramarital affair""}, {""id"": 155440, ""name"": ""hitchcockian""}, {""id"": 158203, ""name"": ""straight razor""}, {""id"": 169815, ""name"": ""exhibitionism""}, {""id"": 188960, ""name"": ""elevator""}, {""id"": 193282, ""name"": ""dark secrets""}, {""id"": 227035, ""name"": ""white gloves""}]",en,Dressed to Kill,"A mysterious, tall, blonde woman, wearing sunglasses murders one of a psychiatrist's patients, and now she's after the prostitute who witnessed it.",11.208769,"[{""name"": ""Filmways Pictures"", ""id"": 1138}, {""name"": ""Cinema 77 Films"", ""id"": 10317}]","[{""iso_3166_1"": ""US"", ""name"": ""United States of America""}]",6/25/1980,31899000,105,"[{""iso_639_1"": ""en"", ""name"": ""English""}]",Released,The Latest Fashion In Murder,Dressed to Kill,157,6.8
38000000,"[{""id"": 18, ""name"": ""Drama""}, {""id"": 12, ""name"": ""Adventure""}, {""id"": 37, ""name"": ""Western""}]",http://www.truegritmovie.com/,44264,"[{""id"": 1872, ""name"": ""loss of father""}, {""id"": 2123, ""name"": ""father murder""}, {""id"": 5901, ""name"": ""texas ranger""}, {""id"": 7464, ""name"": ""alcoholism""}, {""id"": 10085, ""name"": ""betrayal""}]",en,True Grit,"Following the murder of her father by hired hand Tom Chaney, 14-year-old farm girl Mattie Ross sets out to capture the killer. To aid her, she hires the toughest U.S. Marshal she can find, a man with ""true grit,"" Reuben J. ""Rooster"" Cogburn. Mattie insists on accompanying Cogburn, whose drinking, sloth, and generally reprobate character do not augment her faith in him. Against his wishes, she joins him in his trek into the Indian Nations in search of Chaney. They are joined by Texas Ranger LaBoeuf, who wants Chaney for his own purposes. The unlikely trio find danger and adventure on the journey, and each has his or her ""grit"" tested.",49.292384,"[{""name"": ""Paramount Pictures"", ""id"": 4}, {""name"": ""Scott Rudin Productions"", ""id"": 258}, {""name"": ""Mike Zoss Productions"", ""id"": 2092}, {""name"": ""Skydance Productions"", ""id"": 6277}]","[{""iso_3166_1"": ""US"", ""name"": ""United States of America""}]",12/22/2010,252276927,110,"[{""iso_639_1"": ""en"", ""name"": ""English""}]",Released,Punishment Comes One Way or Another.,True Grit,1668,7.2
15000000,"[{""id"": 35, ""name"": ""Comedy""}, {""id"": 18, ""name"": ""Drama""}]",,586,"[{""id"": 521, ""name"": ""washington d.c.""}, {""id"": 570, ""name"": ""rape""}, {""id"": 591, ""name"": ""cia""}, {""id"": 840, ""name"": ""usa president""}, {""id"": 1543, ""name"": ""war veteran""}, {""id"": 2419, ""name"": ""staging""}, {""id"": 2559, ""name"": ""film maker""}, {""id"": 2941, ""name"": ""albania""}, {""id"": 2943, ""name"": ""sex scandal""}, {""id"": 2944, ""name"": ""senator""}, {""id"": 2946, ""name"": ""presidential election""}, {""id"": 2952, ""name"": ""gulf war""}, {""id"": 2953, ""name"": ""media adviser""}, {""id"": 2954, ""name"": ""manipulation of the media""}, {""id"": 6085, ""name"": ""election campaign""}, {""id"": 6086, ""name"": ""government""}, {""id"": 6091, ""name"": ""war""}, {""id"": 13065, ""name"": ""soldier""}, {""id"": 34094, ""name"": ""extramarital affair""}]",en,Wag the Dog,"During the final weeks of a presidential race, the President is accused of sexual misconduct. To distract the public until the election, the President's adviser hires a Hollywood producer to help him stage a fake war.",13.581966,"[{""name"": ""New Line Cinema"", ""id"": 12}, {""name"": ""Tribeca Productions"", ""id"": 11391}, {""name"": ""Baltimore Pictures"", ""id"": 11407}]","[{""iso_3166_1"": ""US"", ""name"": ""United States of America""}]",12/25/1997,64256513,97,"[{""iso_639_1"": ""sq"", ""name"": ""shqip""}, {""iso_639_1"": ""en"", ""name"": ""English""}]",Released,"A comedy about truth, justice and other special effects.",Wag the Dog,270,6.7
0,"[{""id"": 18, ""name"": ""Drama""}, {""id"": 10402, ""name"": ""Music""}]",,15765,"[{""id"": 156306, ""name"": ""price of fame""}, {""id"": 164409, ""name"": ""tina turner""}, {""id"": 164414, ""name"": ""black woman""}, {""id"": 164431, ""name"": ""cameo appearance by real life subject""}, {""id"": 164443, ""name"": ""african american music""}, {""id"": 164866, ""name"": ""black family""}]",en,What's Love Got to Do with It,A film about the singer Tina Turner and how she rose to stardom with her abusive husband Ike Turner and how she gained the courage to break free.,7.921311,"[{""name"": ""Touchstone Pictures"", ""id"": 9195}]","[{""iso_3166_1"": ""US"", ""name"": ""United States of America""}]",6/9/1993,0,118,"[{""iso_639_1"": ""en"", ""name"": ""English""}]",Released,Who needs a heart when a heart can be broken?,What's Love Got to Do with It,72,6.9
0,"[{""id"": 18, ""name"": ""Drama""}]",,13889,[],ja,まあだだよ,"This film tells the story of professor Uehida Hyakken-sama (1889-1971), in Gotemba, around the forties. He was a university professor until an air raid, when he left to become a writer and has to live in a hut. His mood has hardly changed, not by the change nor by time.",2.930853,"[{""name"": ""Tokuma Shoten"", ""id"": 1779}, {""name"": ""Kurosawa Production Co."", ""id"": 2680}, {""name"": ""DENTSU Music And Entertainment"", ""id"": 2752}, {""name"": ""Daiei Motion Picture Company"", ""id"": 3214}]","[{""iso_3166_1"": ""JP"", ""name"": ""Japan""}]",4/17/1993,0,134,"[{""iso_639_1"": ""en"", ""name"": ""English""}, {""iso_639_1"": ""ja"", ""name"": ""\u65e5\u672c\u8a9e""}]",Released,,Madadayo,20,7.5
16000000,"[{""id"": 35, ""name"": ""Comedy""}, {""id"": 10749, ""name"": ""Romance""}, {""id"": 27, ""name"": ""Horror""}]",,73935,"[{""id"": 3133, ""name"": ""vampire""}, {""id"": 9673, ""name"": ""love""}, {""id"": 187056, ""name"": ""woman director""}]",en,Vamps,The modern-day story focuses on two beautiful young vampires who are living the good nightlife in New York until love enters the picture and each has to make a choice that will jeopardize their immortality.,7.251897,"[{""name"": ""Lucky Monkey Pictures"", ""id"": 11093}, {""name"": ""Red Hour Films"", ""id"": 12178}]","[{""iso_3166_1"": ""US"", ""name"": ""United States of America""}]",8/25/2012,0,93,"[{""iso_639_1"": ""en"", ""name"": ""English""}]",Released,Dating Sucks,Vamps,91,4.8
55000000,"[{""id"": 28, ""name"": ""Action""}, {""id"": 12, ""name"": ""Adventure""}, {""id"": 35, ""name"": ""Comedy""}]",,9618,"[{""id"": 1563, ""name"": ""prisoner""}, {""id"": 1601, ""name"": ""war on drugs""}, {""id"": 12670, ""name"": ""los angeles""}]",en,Tango & Cash,"Ray Tango and Gabriel Cash are narcotics detectives who, while both being extremely successful, can't stand each other. Crime Lord Yves Perret, furious at the loss of income that Tango and Cash have caused him, frames the two for murder. Caught with the murder weapon on the scene of the crime, the two have no alibi. Thrown into prison with most of the criminals they helped convict, it appears that they are going to have to trust each other if they are to clear their names and catch the evil Perret.",22.787667,"[{""name"": ""Warner Bros."", ""id"": 6194}]","[{""iso_3166_1"": ""US"", ""name"": ""United States of America""}]",12/22/1989,63408614,104,"[{""iso_639_1"": ""en"", ""name"": ""English""}]",Released,Two of L.A.'s top rival cops are going to have to work together... Even if it kills them.,Tango & Cash,458,6.1
